{"cameraMode":{"drawMode":0,"name":"Shaded","section":"Shading Mode"},"sceneLighting":false,"audioPlay":false,"sceneViewState":{"m_AlwaysRefresh":false,"showFog":true,"showSkybox":false,"showFlares":true,"showImageEffects":true,"showParticleSystems":true,"showVisualEffectGraphs":true,"m_FxEnabled":true},"in2DMode":false,"pivot":{"x":0.7270359992980957,"y":0.31625938415527346,"z":-0.05912184715270996},"rotation":{"x":-0.06501814723014832,"y":-0.734247088432312,"z":0.06965876370668411,"w":-0.6726695895195007},"size":4.989407062530518,"orthographic":false}