{"cameraMode":{"drawMode":0,"name":"Shaded","section":"Shading Mode"},"sceneLighting":false,"audioPlay":false,"sceneViewState":{"m_AlwaysRefresh":false,"showFog":true,"showSkybox":false,"showFlares":true,"showImageEffects":true,"showParticleSystems":true,"showVisualEffectGraphs":true,"m_FxEnabled":true},"in2DMode":false,"pivot":{"x":1.6329463720321656,"y":2.8690378665924074,"z":1.1684378385543824},"rotation":{"x":-0.03823063150048256,"y":-0.673336386680603,"z":0.03287087008357048,"w":-0.7381945252418518},"size":2.8792362213134767,"orthographic":false}