{"cameraMode":{"drawMode":0,"name":"Shaded","section":"Shading Mode"},"sceneLighting":false,"audioPlay":false,"sceneViewState":{"m_AlwaysRefresh":false,"showFog":true,"showSkybox":false,"showFlares":true,"showImageEffects":true,"showParticleSystems":true,"showVisualEffectGraphs":true,"m_FxEnabled":true},"in2DMode":false,"pivot":{"x":-0.8977100253105164,"y":1.3444623947143555,"z":0.17216037213802339},"rotation":{"x":-0.40868863463401797,"y":-0.1407506763935089,"z":0.06425202637910843,"w":-0.8999840617179871},"size":1.8774983882904053,"orthographic":false}