{"cameraMode":{"drawMode":0,"name":"Shaded","section":"Shading Mode"},"sceneLighting":false,"audioPlay":false,"sceneViewState":{"m_AlwaysRefresh":false,"showFog":true,"showSkybox":false,"showFlares":true,"showImageEffects":true,"showParticleSystems":true,"showVisualEffectGraphs":true,"m_FxEnabled":true},"in2DMode":false,"pivot":{"x":-1.0755258798599244,"y":8.622937202453614,"z":0.2484641820192337},"rotation":{"x":-0.017681512981653215,"y":0.9641405344009399,"z":-0.25632357597351076,"w":-0.06852521002292633},"size":2.154797077178955,"orthographic":false}