{"cameraMode":{"drawMode":0,"name":"Shaded","section":"Shading Mode"},"sceneLighting":false,"audioPlay":false,"sceneViewState":{"m_AlwaysRefresh":false,"showFog":true,"showSkybox":false,"showFlares":true,"showImageEffects":true,"showParticleSystems":true,"showVisualEffectGraphs":true,"m_FxEnabled":true},"in2DMode":false,"pivot":{"x":1.76412034034729,"y":4.8782148361206059,"z":4.916276931762695},"rotation":{"x":-0.03316045179963112,"y":-0.09362754970788956,"z":0.0032664339523762466,"w":-0.9955143928527832},"size":8.108328819274903,"orthographic":false}