{"cameraMode":{"drawMode":0,"name":"Shaded","section":"Shading Mode"},"sceneLighting":false,"audioPlay":false,"sceneViewState":{"m_AlwaysRefresh":false,"showFog":true,"showSkybox":false,"showFlares":true,"showImageEffects":true,"showParticleSystems":true,"showVisualEffectGraphs":true,"m_FxEnabled":true},"in2DMode":false,"pivot":{"x":-0.6697957515716553,"y":3.2668020725250246,"z":-0.31766045093536379},"rotation":{"x":-0.2643158733844757,"y":-0.6487719416618347,"z":0.25499266386032107,"w":-0.6671318411827087},"size":1.7642282247543336,"orthographic":false}