{"cameraMode":{"drawMode":0,"name":"Shaded","section":"Shading Mode"},"sceneLighting":false,"audioPlay":false,"sceneViewState":{"m_AlwaysRefresh":false,"showFog":true,"showSkybox":false,"showFlares":true,"showImageEffects":true,"showParticleSystems":true,"showVisualEffectGraphs":true,"m_FxEnabled":true},"in2DMode":false,"pivot":{"x":-0.49171629548072817,"y":1.14939284324646,"z":-0.19230623543262483},"rotation":{"x":-0.6210687160491943,"y":0.03334176912903786,"z":-0.026493357494473459,"w":-0.7826269865036011},"size":2.828869104385376,"orthographic":false}