{"cameraMode":{"drawMode":0,"name":"Shaded","section":"Shading Mode"},"sceneLighting":false,"audioPlay":false,"sceneViewState":{"m_AlwaysRefresh":false,"showFog":true,"showSkybox":false,"showFlares":true,"showImageEffects":true,"showParticleSystems":true,"showVisualEffectGraphs":true,"m_FxEnabled":true},"in2DMode":false,"pivot":{"x":-0.8789686560630798,"y":0.7454850077629089,"z":-2.2882542610168459},"rotation":{"x":-0.3515138328075409,"y":0.08981971442699433,"z":-0.034820470958948138,"w":-0.9315813779830933},"size":10.676044464111329,"orthographic":false}