{"cameraMode":{"drawMode":0,"name":"Shaded","section":"Shading Mode"},"sceneLighting":false,"audioPlay":false,"sceneViewState":{"m_AlwaysRefresh":false,"showFog":true,"showSkybox":false,"showFlares":true,"showImageEffects":true,"showParticleSystems":true,"showVisualEffectGraphs":true,"m_FxEnabled":true},"in2DMode":false,"pivot":{"x":-7.997522830963135,"y":4.755970001220703,"z":0.9951064586639404},"rotation":{"x":0.027949173003435136,"y":0.9029557108879089,"z":-0.42488381266593935,"w":0.059388287365436557},"size":1.7095327377319337,"orthographic":false}