{"cameraMode":{"drawMode":0,"name":"Shaded","section":"Shading Mode"},"sceneLighting":false,"audioPlay":false,"sceneViewState":{"m_AlwaysRefresh":false,"showFog":true,"showSkybox":false,"showFlares":true,"showImageEffects":true,"showParticleSystems":true,"showVisualEffectGraphs":true,"m_FxEnabled":true},"in2DMode":false,"pivot":{"x":-6.292449951171875,"y":1.738446831703186,"z":-0.46394261717796328},"rotation":{"x":0.0013270080089569092,"y":0.959629237651825,"z":-0.28146952390670779,"w":0.0039613074623048309},"size":3.2631571292877199,"orthographic":false}